<annotation>
	<folder>images</folder>
	<filename>0185982_630x355.jpg</filename>
	<path>/home/paperspace/Desktop/images/0185982_630x355.jpg</path>
	<source>
		<database>Unknown</database>
	</source>
	<size>
		<width>630</width>
		<height>355</height>
		<depth>3</depth>
	</size>
	<segmented>0</segmented>
	<object>
		<name>macncheese</name>
		<pose>Unspecified</pose>
		<truncated>0</truncated>
		<difficult>0</difficult>
		<bndbox>
			<xmin>74</xmin>
			<ymin>80</ymin>
			<xmax>415</xmax>
			<ymax>301</ymax>
		</bndbox>
	</object>
</annotation>
