<annotation>
	<folder>images</folder>
	<filename>1308097031_bf968f5ea9.jpg</filename>
	<path>/home/paperspace/Desktop/images/1308097031_bf968f5ea9.jpg</path>
	<source>
		<database>Unknown</database>
	</source>
	<size>
		<width>374</width>
		<height>500</height>
		<depth>3</depth>
	</size>
	<segmented>0</segmented>
	<object>
		<name>macncheese</name>
		<pose>Unspecified</pose>
		<truncated>1</truncated>
		<difficult>0</difficult>
		<bndbox>
			<xmin>1</xmin>
			<ymin>114</ymin>
			<xmax>350</xmax>
			<ymax>320</ymax>
		</bndbox>
	</object>
</annotation>
