<annotation>
	<folder>images</folder>
	<filename>1433575121_2357315e45.jpg</filename>
	<path>/home/paperspace/Desktop/images/1433575121_2357315e45.jpg</path>
	<source>
		<database>Unknown</database>
	</source>
	<size>
		<width>500</width>
		<height>376</height>
		<depth>3</depth>
	</size>
	<segmented>0</segmented>
	<object>
		<name>macncheese</name>
		<pose>Unspecified</pose>
		<truncated>0</truncated>
		<difficult>0</difficult>
		<bndbox>
			<xmin>41</xmin>
			<ymin>96</ymin>
			<xmax>357</xmax>
			<ymax>319</ymax>
		</bndbox>
	</object>
</annotation>
