<annotation>
	<folder>images</folder>
	<filename>1822299888_b79ff78c3e.jpg</filename>
	<path>/home/paperspace/Desktop/images/1822299888_b79ff78c3e.jpg</path>
	<source>
		<database>Unknown</database>
	</source>
	<size>
		<width>500</width>
		<height>375</height>
		<depth>3</depth>
	</size>
	<segmented>0</segmented>
	<object>
		<name>macncheese</name>
		<pose>Unspecified</pose>
		<truncated>1</truncated>
		<difficult>0</difficult>
		<bndbox>
			<xmin>1</xmin>
			<ymin>1</ymin>
			<xmax>402</xmax>
			<ymax>252</ymax>
		</bndbox>
	</object>
</annotation>
