<annotation>
	<folder>images</folder>
	<filename>212948802_8666ee604c.jpg</filename>
	<path>/home/paperspace/Desktop/images/212948802_8666ee604c.jpg</path>
	<source>
		<database>Unknown</database>
	</source>
	<size>
		<width>500</width>
		<height>327</height>
		<depth>3</depth>
	</size>
	<segmented>0</segmented>
	<object>
		<name>macncheese</name>
		<pose>Unspecified</pose>
		<truncated>1</truncated>
		<difficult>0</difficult>
		<bndbox>
			<xmin>8</xmin>
			<ymin>8</ymin>
			<xmax>500</xmax>
			<ymax>279</ymax>
		</bndbox>
	</object>
</annotation>
