<annotation>
	<folder>images</folder>
	<filename>2140081397_9e0bcd6fd3.jpg</filename>
	<path>/home/paperspace/Desktop/images/2140081397_9e0bcd6fd3.jpg</path>
	<source>
		<database>Unknown</database>
	</source>
	<size>
		<width>500</width>
		<height>375</height>
		<depth>3</depth>
	</size>
	<segmented>0</segmented>
	<object>
		<name>macncheese</name>
		<pose>Unspecified</pose>
		<truncated>0</truncated>
		<difficult>0</difficult>
		<bndbox>
			<xmin>192</xmin>
			<ymin>73</ymin>
			<xmax>390</xmax>
			<ymax>288</ymax>
		</bndbox>
	</object>
</annotation>
