<annotation>
	<folder>images</folder>
	<filename>2188374941_3dab28deb8.jpg</filename>
	<path>/home/paperspace/Desktop/images/2188374941_3dab28deb8.jpg</path>
	<source>
		<database>Unknown</database>
	</source>
	<size>
		<width>500</width>
		<height>375</height>
		<depth>3</depth>
	</size>
	<segmented>0</segmented>
	<object>
		<name>macncheese</name>
		<pose>Unspecified</pose>
		<truncated>0</truncated>
		<difficult>0</difficult>
		<bndbox>
			<xmin>69</xmin>
			<ymin>42</ymin>
			<xmax>394</xmax>
			<ymax>323</ymax>
		</bndbox>
	</object>
</annotation>
