<annotation>
	<folder>images</folder>
	<filename>2419092593_d65e7a3be1.jpg</filename>
	<path>/home/paperspace/Desktop/images/2419092593_d65e7a3be1.jpg</path>
	<source>
		<database>Unknown</database>
	</source>
	<size>
		<width>500</width>
		<height>358</height>
		<depth>3</depth>
	</size>
	<segmented>0</segmented>
	<object>
		<name>macncheese</name>
		<pose>Unspecified</pose>
		<truncated>0</truncated>
		<difficult>0</difficult>
		<bndbox>
			<xmin>13</xmin>
			<ymin>18</ymin>
			<xmax>426</xmax>
			<ymax>214</ymax>
		</bndbox>
	</object>
</annotation>
