<annotation>
	<folder>images</folder>
	<filename>2755589202_5309e9410a.jpg</filename>
	<path>/home/paperspace/Desktop/images/2755589202_5309e9410a.jpg</path>
	<source>
		<database>Unknown</database>
	</source>
	<size>
		<width>500</width>
		<height>375</height>
		<depth>3</depth>
	</size>
	<segmented>0</segmented>
	<object>
		<name>macncheese</name>
		<pose>Unspecified</pose>
		<truncated>0</truncated>
		<difficult>0</difficult>
		<bndbox>
			<xmin>53</xmin>
			<ymin>47</ymin>
			<xmax>398</xmax>
			<ymax>290</ymax>
		</bndbox>
	</object>
</annotation>
