<annotation>
	<folder>images</folder>
	<filename>2909020041_7c46d3d4d3.jpg</filename>
	<path>/home/paperspace/Desktop/images/2909020041_7c46d3d4d3.jpg</path>
	<source>
		<database>Unknown</database>
	</source>
	<size>
		<width>375</width>
		<height>500</height>
		<depth>3</depth>
	</size>
	<segmented>0</segmented>
	<object>
		<name>macncheese</name>
		<pose>Unspecified</pose>
		<truncated>0</truncated>
		<difficult>0</difficult>
		<bndbox>
			<xmin>43</xmin>
			<ymin>69</ymin>
			<xmax>337</xmax>
			<ymax>278</ymax>
		</bndbox>
	</object>
</annotation>
