<annotation>
	<folder>images</folder>
	<filename>3001170276_3e0d7a9f43.jpg</filename>
	<path>/home/paperspace/Desktop/images/3001170276_3e0d7a9f43.jpg</path>
	<source>
		<database>Unknown</database>
	</source>
	<size>
		<width>500</width>
		<height>375</height>
		<depth>3</depth>
	</size>
	<segmented>0</segmented>
	<object>
		<name>macncheese</name>
		<pose>Unspecified</pose>
		<truncated>1</truncated>
		<difficult>0</difficult>
		<bndbox>
			<xmin>139</xmin>
			<ymin>27</ymin>
			<xmax>500</xmax>
			<ymax>222</ymax>
		</bndbox>
	</object>
</annotation>
