<annotation>
	<folder>images</folder>
	<filename>3420434144_92f9882243.jpg</filename>
	<path>/home/paperspace/Desktop/images/3420434144_92f9882243.jpg</path>
	<source>
		<database>Unknown</database>
	</source>
	<size>
		<width>500</width>
		<height>333</height>
		<depth>3</depth>
	</size>
	<segmented>0</segmented>
	<object>
		<name>macncheese</name>
		<pose>Unspecified</pose>
		<truncated>0</truncated>
		<difficult>0</difficult>
		<bndbox>
			<xmin>51</xmin>
			<ymin>82</ymin>
			<xmax>479</xmax>
			<ymax>233</ymax>
		</bndbox>
	</object>
</annotation>
