<annotation>
	<folder>images</folder>
	<filename>3553276452_0915930a17.jpg</filename>
	<path>/home/paperspace/Desktop/images/3553276452_0915930a17.jpg</path>
	<source>
		<database>Unknown</database>
	</source>
	<size>
		<width>500</width>
		<height>383</height>
		<depth>3</depth>
	</size>
	<segmented>0</segmented>
	<object>
		<name>macncheese</name>
		<pose>Unspecified</pose>
		<truncated>1</truncated>
		<difficult>0</difficult>
		<bndbox>
			<xmin>1</xmin>
			<ymin>15</ymin>
			<xmax>388</xmax>
			<ymax>284</ymax>
		</bndbox>
	</object>
</annotation>
