<annotation>
	<folder>images</folder>
	<filename>3696283549_76e0d222b3.jpg</filename>
	<path>/home/paperspace/Desktop/images/3696283549_76e0d222b3.jpg</path>
	<source>
		<database>Unknown</database>
	</source>
	<size>
		<width>500</width>
		<height>393</height>
		<depth>3</depth>
	</size>
	<segmented>0</segmented>
	<object>
		<name>macncheese</name>
		<pose>Unspecified</pose>
		<truncated>0</truncated>
		<difficult>0</difficult>
		<bndbox>
			<xmin>54</xmin>
			<ymin>161</ymin>
			<xmax>384</xmax>
			<ymax>359</ymax>
		</bndbox>
	</object>
</annotation>
