<annotation>
	<folder>images</folder>
	<filename>3871372110_f467b9c0b5.jpg</filename>
	<path>/home/paperspace/Desktop/images/3871372110_f467b9c0b5.jpg</path>
	<source>
		<database>Unknown</database>
	</source>
	<size>
		<width>500</width>
		<height>375</height>
		<depth>3</depth>
	</size>
	<segmented>0</segmented>
	<object>
		<name>macncheese</name>
		<pose>Unspecified</pose>
		<truncated>0</truncated>
		<difficult>0</difficult>
		<bndbox>
			<xmin>177</xmin>
			<ymin>58</ymin>
			<xmax>384</xmax>
			<ymax>205</ymax>
		</bndbox>
	</object>
</annotation>
