<annotation>
	<folder>images</folder>
	<filename>4021474273_1c384cdfbe.jpg</filename>
	<path>/home/paperspace/Desktop/images/4021474273_1c384cdfbe.jpg</path>
	<source>
		<database>Unknown</database>
	</source>
	<size>
		<width>341</width>
		<height>500</height>
		<depth>3</depth>
	</size>
	<segmented>0</segmented>
	<object>
		<name>macncheese</name>
		<pose>Unspecified</pose>
		<truncated>0</truncated>
		<difficult>0</difficult>
		<bndbox>
			<xmin>25</xmin>
			<ymin>274</ymin>
			<xmax>339</xmax>
			<ymax>448</ymax>
		</bndbox>
	</object>
</annotation>
