<annotation>
	<folder>images</folder>
	<filename>4130931018_03f009df62.jpg</filename>
	<path>/home/paperspace/Desktop/images/4130931018_03f009df62.jpg</path>
	<source>
		<database>Unknown</database>
	</source>
	<size>
		<width>500</width>
		<height>375</height>
		<depth>3</depth>
	</size>
	<segmented>0</segmented>
	<object>
		<name>macncheese</name>
		<pose>Unspecified</pose>
		<truncated>0</truncated>
		<difficult>0</difficult>
		<bndbox>
			<xmin>64</xmin>
			<ymin>57</ymin>
			<xmax>418</xmax>
			<ymax>331</ymax>
		</bndbox>
	</object>
</annotation>
