<annotation>
	<folder>images</folder>
	<filename>4184355025_84b5438658.jpg</filename>
	<path>/home/paperspace/Desktop/images/4184355025_84b5438658.jpg</path>
	<source>
		<database>Unknown</database>
	</source>
	<size>
		<width>500</width>
		<height>375</height>
		<depth>3</depth>
	</size>
	<segmented>0</segmented>
	<object>
		<name>macncheese</name>
		<pose>Unspecified</pose>
		<truncated>1</truncated>
		<difficult>0</difficult>
		<bndbox>
			<xmin>2</xmin>
			<ymin>78</ymin>
			<xmax>370</xmax>
			<ymax>375</ymax>
		</bndbox>
	</object>
</annotation>
