<annotation>
	<folder>images</folder>
	<filename>497275589_6122445b93.jpg</filename>
	<path>/home/paperspace/Desktop/images/497275589_6122445b93.jpg</path>
	<source>
		<database>Unknown</database>
	</source>
	<size>
		<width>500</width>
		<height>368</height>
		<depth>3</depth>
	</size>
	<segmented>0</segmented>
	<object>
		<name>macncheese</name>
		<pose>Unspecified</pose>
		<truncated>0</truncated>
		<difficult>0</difficult>
		<bndbox>
			<xmin>136</xmin>
			<ymin>148</ymin>
			<xmax>336</xmax>
			<ymax>350</ymax>
		</bndbox>
	</object>
</annotation>
