<annotation>
	<folder>images</folder>
	<filename>Bistro-Mac---Cheese_exps47665_SD143203C10_24_5bC_RMS.jpg</filename>
	<path>/home/paperspace/Desktop/images/Bistro-Mac---Cheese_exps47665_SD143203C10_24_5bC_RMS.jpg</path>
	<source>
		<database>Unknown</database>
	</source>
	<size>
		<width>1200</width>
		<height>1200</height>
		<depth>3</depth>
	</size>
	<segmented>0</segmented>
	<object>
		<name>macncheese</name>
		<pose>Unspecified</pose>
		<truncated>0</truncated>
		<difficult>0</difficult>
		<bndbox>
			<xmin>71</xmin>
			<ymin>122</ymin>
			<xmax>1084</xmax>
			<ymax>829</ymax>
		</bndbox>
	</object>
</annotation>
