<annotation>
	<folder>images</folder>
	<filename>Broccoli-Shells-and-Cheese-fork.jpg</filename>
	<path>/home/paperspace/Desktop/images/Broccoli-Shells-and-Cheese-fork.jpg</path>
	<source>
		<database>Unknown</database>
	</source>
	<size>
		<width>800</width>
		<height>600</height>
		<depth>3</depth>
	</size>
	<segmented>0</segmented>
	<object>
		<name>macncheese</name>
		<pose>Unspecified</pose>
		<truncated>0</truncated>
		<difficult>0</difficult>
		<bndbox>
			<xmin>34</xmin>
			<ymin>58</ymin>
			<xmax>756</xmax>
			<ymax>541</ymax>
		</bndbox>
	</object>
</annotation>
