<annotation>
	<folder>images</folder>
	<filename>creamy-macaroni-and-cheese-recipe_16801.jpg</filename>
	<path>/home/paperspace/Desktop/images/creamy-macaroni-and-cheese-recipe_16801.jpg</path>
	<source>
		<database>Unknown</database>
	</source>
	<size>
		<width>800</width>
		<height>1200</height>
		<depth>3</depth>
	</size>
	<segmented>0</segmented>
	<object>
		<name>macncheese</name>
		<pose>Unspecified</pose>
		<truncated>1</truncated>
		<difficult>0</difficult>
		<bndbox>
			<xmin>1</xmin>
			<ymin>255</ymin>
			<xmax>800</xmax>
			<ymax>747</ymax>
		</bndbox>
	</object>
</annotation>
