<annotation>
	<folder>images</folder>
	<filename>DSC_0368-1024x685.jpg</filename>
	<path>/home/paperspace/Desktop/images/DSC_0368-1024x685.jpg</path>
	<source>
		<database>Unknown</database>
	</source>
	<size>
		<width>1024</width>
		<height>685</height>
		<depth>3</depth>
	</size>
	<segmented>0</segmented>
	<object>
		<name>macncheese</name>
		<pose>Unspecified</pose>
		<truncated>0</truncated>
		<difficult>0</difficult>
		<bndbox>
			<xmin>237</xmin>
			<ymin>78</ymin>
			<xmax>945</xmax>
			<ymax>500</ymax>
		</bndbox>
	</object>
</annotation>
