<annotation>
	<folder>images</folder>
	<filename>FRZ4YCQIGSBKGH2.MEDIUM.jpg</filename>
	<path>/home/paperspace/Desktop/images/FRZ4YCQIGSBKGH2.MEDIUM.jpg</path>
	<source>
		<database>Unknown</database>
	</source>
	<size>
		<width>620</width>
		<height>541</height>
		<depth>3</depth>
	</size>
	<segmented>0</segmented>
	<object>
		<name>macncheese</name>
		<pose>Unspecified</pose>
		<truncated>0</truncated>
		<difficult>0</difficult>
		<bndbox>
			<xmin>161</xmin>
			<ymin>136</ymin>
			<xmax>410</xmax>
			<ymax>387</ymax>
		</bndbox>
	</object>
</annotation>
