<annotation>
	<folder>images</folder>
	<filename>kraft macaroni and cheese.jpg</filename>
	<path>/home/paperspace/Desktop/images/kraft macaroni and cheese.jpg</path>
	<source>
		<database>Unknown</database>
	</source>
	<size>
		<width>320</width>
		<height>320</height>
		<depth>3</depth>
	</size>
	<segmented>0</segmented>
	<object>
		<name>macncheese</name>
		<pose>Unspecified</pose>
		<truncated>0</truncated>
		<difficult>0</difficult>
		<bndbox>
			<xmin>101</xmin>
			<ymin>198</ymin>
			<xmax>251</xmax>
			<ymax>312</ymax>
		</bndbox>
	</object>
</annotation>
