<annotation>
	<folder>images</folder>
	<filename>large_1238130420.jpg</filename>
	<path>/home/paperspace/Desktop/images/large_1238130420.jpg</path>
	<source>
		<database>Unknown</database>
	</source>
	<size>
		<width>400</width>
		<height>267</height>
		<depth>3</depth>
	</size>
	<segmented>0</segmented>
	<object>
		<name>macncheese</name>
		<pose>Unspecified</pose>
		<truncated>0</truncated>
		<difficult>0</difficult>
		<bndbox>
			<xmin>104</xmin>
			<ymin>56</ymin>
			<xmax>367</xmax>
			<ymax>233</ymax>
		</bndbox>
	</object>
</annotation>
