<annotation>
	<folder>images</folder>
	<filename>mac-and-cheese-for-one-image.jpg</filename>
	<path>/home/paperspace/Desktop/images/mac-and-cheese-for-one-image.jpg</path>
	<source>
		<database>Unknown</database>
	</source>
	<size>
		<width>680</width>
		<height>1022</height>
		<depth>3</depth>
	</size>
	<segmented>0</segmented>
	<object>
		<name>macncheese</name>
		<pose>Unspecified</pose>
		<truncated>0</truncated>
		<difficult>0</difficult>
		<bndbox>
			<xmin>44</xmin>
			<ymin>289</ymin>
			<xmax>625</xmax>
			<ymax>620</ymax>
		</bndbox>
	</object>
</annotation>
