<annotation>
	<folder>images</folder>
	<filename>mac-n-cheedafsafafse.jpg</filename>
	<path>/home/paperspace/Desktop/images/mac-n-cheedafsafafse.jpg</path>
	<source>
		<database>Unknown</database>
	</source>
	<size>
		<width>458</width>
		<height>335</height>
		<depth>3</depth>
	</size>
	<segmented>0</segmented>
	<object>
		<name>macncheese</name>
		<pose>Unspecified</pose>
		<truncated>0</truncated>
		<difficult>0</difficult>
		<bndbox>
			<xmin>47</xmin>
			<ymin>56</ymin>
			<xmax>408</xmax>
			<ymax>246</ymax>
		</bndbox>
	</object>
</annotation>
