<annotation>
	<folder>images</folder>
	<filename>Mac_Cheese_vert.jpg</filename>
	<path>/home/paperspace/Desktop/images/Mac_Cheese_vert.jpg</path>
	<source>
		<database>Unknown</database>
	</source>
	<size>
		<width>279</width>
		<height>387</height>
		<depth>3</depth>
	</size>
	<segmented>0</segmented>
	<object>
		<name>macncheese</name>
		<pose>Unspecified</pose>
		<truncated>0</truncated>
		<difficult>0</difficult>
		<bndbox>
			<xmin>56</xmin>
			<ymin>158</ymin>
			<xmax>277</xmax>
			<ymax>356</ymax>
		</bndbox>
	</object>
</annotation>
