<annotation>
	<folder>images</folder>
	<filename>macaroni-cheese-23595283.jpg</filename>
	<path>/home/paperspace/Desktop/images/macaroni-cheese-23595283.jpg</path>
	<source>
		<database>Unknown</database>
	</source>
	<size>
		<width>400</width>
		<height>340</height>
		<depth>3</depth>
	</size>
	<segmented>0</segmented>
	<object>
		<name>macncheese</name>
		<pose>Unspecified</pose>
		<truncated>0</truncated>
		<difficult>0</difficult>
		<bndbox>
			<xmin>39</xmin>
			<ymin>62</ymin>
			<xmax>269</xmax>
			<ymax>306</ymax>
		</bndbox>
	</object>
</annotation>
