<annotation>
	<folder>images</folder>
	<filename>macaroni-and-cheese-ring-600x450.jpg</filename>
	<path>/home/paperspace/Desktop/images/macaroni-and-cheese-ring-600x450.jpg</path>
	<source>
		<database>Unknown</database>
	</source>
	<size>
		<width>600</width>
		<height>450</height>
		<depth>3</depth>
	</size>
	<segmented>0</segmented>
	<object>
		<name>macncheese</name>
		<pose>Unspecified</pose>
		<truncated>0</truncated>
		<difficult>0</difficult>
		<bndbox>
			<xmin>203</xmin>
			<ymin>66</ymin>
			<xmax>404</xmax>
			<ymax>172</ymax>
		</bndbox>
	</object>
</annotation>
