<annotation>
	<folder>images</folder>
	<filename>macaroni-cheese-master768.jpg</filename>
	<path>/home/paperspace/Desktop/images/macaroni-cheese-master768.jpg</path>
	<source>
		<database>Unknown</database>
	</source>
	<size>
		<width>768</width>
		<height>502</height>
		<depth>3</depth>
	</size>
	<segmented>0</segmented>
	<object>
		<name>macncheese</name>
		<pose>Unspecified</pose>
		<truncated>0</truncated>
		<difficult>0</difficult>
		<bndbox>
			<xmin>196</xmin>
			<ymin>40</ymin>
			<xmax>669</xmax>
			<ymax>239</ymax>
		</bndbox>
	</object>
</annotation>
