<annotation>
	<folder>images</folder>
	<filename>rice-cooker-mac-and-cheese-with-ham-featured-450x450.jpg</filename>
	<path>/home/paperspace/Desktop/images/rice-cooker-mac-and-cheese-with-ham-featured-450x450.jpg</path>
	<source>
		<database>Unknown</database>
	</source>
	<size>
		<width>450</width>
		<height>450</height>
		<depth>3</depth>
	</size>
	<segmented>0</segmented>
	<object>
		<name>macncheese</name>
		<pose>Unspecified</pose>
		<truncated>1</truncated>
		<difficult>0</difficult>
		<bndbox>
			<xmin>1</xmin>
			<ymin>46</ymin>
			<xmax>353</xmax>
			<ymax>305</ymax>
		</bndbox>
	</object>
</annotation>
