<annotation>
	<folder>images</folder>
	<filename>ss_R130854.jpg</filename>
	<path>/home/paperspace/Desktop/images/ss_R130854.jpg</path>
	<source>
		<database>Unknown</database>
	</source>
	<size>
		<width>300</width>
		<height>300</height>
		<depth>3</depth>
	</size>
	<segmented>0</segmented>
	<object>
		<name>macncheese</name>
		<pose>Unspecified</pose>
		<truncated>0</truncated>
		<difficult>0</difficult>
		<bndbox>
			<xmin>44</xmin>
			<ymin>97</ymin>
			<xmax>296</xmax>
			<ymax>254</ymax>
		</bndbox>
	</object>
</annotation>
