<annotation>
	<folder>images</folder>
	<filename>Stovetop-Butternut-Squash-Shells-and-Cheese-300x300.jpg</filename>
	<path>/home/paperspace/Desktop/images/Stovetop-Butternut-Squash-Shells-and-Cheese-300x300.jpg</path>
	<source>
		<database>Unknown</database>
	</source>
	<size>
		<width>300</width>
		<height>300</height>
		<depth>3</depth>
	</size>
	<segmented>0</segmented>
	<object>
		<name>macncheese</name>
		<pose>Unspecified</pose>
		<truncated>1</truncated>
		<difficult>0</difficult>
		<bndbox>
			<xmin>81</xmin>
			<ymin>73</ymin>
			<xmax>300</xmax>
			<ymax>244</ymax>
		</bndbox>
	</object>
</annotation>
