<annotation>
	<folder>images</folder>
	<filename>vegan shells mac and cheese 2[7].jpg</filename>
	<path>/home/paperspace/Desktop/images/vegan shells mac and cheese 2[7].jpg</path>
	<source>
		<database>Unknown</database>
	</source>
	<size>
		<width>500</width>
		<height>334</height>
		<depth>3</depth>
	</size>
	<segmented>0</segmented>
	<object>
		<name>macncheese</name>
		<pose>Unspecified</pose>
		<truncated>1</truncated>
		<difficult>0</difficult>
		<bndbox>
			<xmin>1</xmin>
			<ymin>65</ymin>
			<xmax>400</xmax>
			<ymax>319</ymax>
		</bndbox>
	</object>
</annotation>
